{
  "1": [
    40.43464,
    -3.668328
  ],
  "2": [
    40.474292,
    -3.578603
  ],
  "3": [
    40.415528,
    -3.701753
  ],
  "4": [
    40.423291,
    -3.703706
  ],
  "5": [
    40.494192,
    -3.687351
  ],
  "6": null,
  "7": [
    40.413673,
    -3.699441
  ],
  "8": [
    40.41003,
    -3.696973
  ],
  "9": [
    40.415101,
    -3.70193
  ],
  "10": [
    40.468297,
    -3.870709
  ],
  "11": [
    40.42767,
    -3.669946
  ],
  "12": [
    40.412406,
    -3.697055
  ],
  "13": [
    40.417809,
    -3.70836
  ],
  "14": [
    40.412697,
    -3.709653
  ],
  "15": [
    40.426545,
    -3.698786
  ],
  "16": [
    40.418443,
    -3.705031
  ],
  "17": [
    40.42487,
    -3.70085
  ],
  "18": [
    40.409583,
    -3.693756
  ],
  "19": [
    40.424602,
    -3.696541
  ],
  "20": [
    40.409481,
    -3.693372
  ],
  "21": [
    40.419458,
    -3.703946
  ],
  "22": [
    40.415888,
    -3.70664
  ],
  "23": [
    40.471293,
    -3.871477
  ],
  "24": [
    40.415792,
    -3.702896
  ],
  "25": [
    40.471293,
    -3.871477
  ],
  "26": [
    40.473444,
    -3.872274
  ],
  "27": [
    40.430298,
    -3.700701
  ],
  "28": [
    40.422042,
    -3.709687
  ],
  "29": [
    40.433777,
    -3.674783
  ],
  "30": [
    40.425114,
    -3.700736
  ],
  "31": [
    40.419809,
    -3.707262
  ],
  "32": [
    40.424376,
    -3.679127
  ],
  "33": [
    40.42043,
    -3.712532
  ],
  "34": [
    40.42642,
    -3.668197
  ],
  "35": [
    40.430298,
    -3.700701
  ],
  "36": [
    40.508496,
    -3.674314
  ],
  "37": [
    40.416289,
    -3.709198
  ],
  "38": [
    40.460269,
    -3.6942
  ],
  "39": [
    40.418344,
    -3.674315
  ],
  "40": [
    40.424636,
    -3.696385
  ],
  "41": [
    40.411757,
    -3.695429
  ],
  "42": [
    40.412472,
    -3.695441
  ],
  "43": [
    40.420815,
    -3.702119
  ],
  "44": [
    40.414564,
    -3.706747
  ],
  "45": [
    40.40121,
    -3.717624
  ],
  "46": [
    40.805497,
    -3.769705
  ],
  "47": [
    40.423475,
    -3.699351
  ],
  "48": [
    40.482833,
    -3.701422
  ],
  "49": [
    40.413126,
    -3.710878
  ],
  "50": [
    40.595296,
    -4.142388
  ],
  "51": [
    40.426567,
    -3.716335
  ],
  "52": [
    40.398589,
    -3.759571
  ],
  "53": [
    40.329373,
    -3.855461
  ],
  "54": [
    40.421094,
    -3.704066
  ],
  "55": [
    40.421459,
    -3.683582
  ],
  "56": null,
  "57": [
    40.41574,
    -3.701762
  ],
  "58": [
    40.411072,
    -3.706687
  ],
  "59": [
    40.421883,
    -3.700964
  ],
  "60": [
    40.412053,
    -3.709996
  ],
  "61": [
    40.41329,
    -3.696571
  ],
  "62": [
    40.445438,
    -3.695618
  ],
  "63": [
    40.463683,
    -3.688131
  ],
  "64": [
    40.412702,
    -3.699233
  ],
  "65": [
    40.446049,
    -3.69955
  ],
  "66": [
    40.415714,
    -3.699122
  ],
  "67": [
    40.41574,
    -3.701762
  ],
  "68": [
    40.420251,
    -3.675487
  ],
  "69": [
    40.389803,
    -3.660832
  ],
  "70": [
    40.457795,
    -3.685949
  ],
  "71": [
    40.426825,
    -3.701411
  ],
  "72": null,
  "73": [
    40.41648,
    -3.707757
  ],
  "74": [
    40.414555,
    -3.699701
  ],
  "75": [
    40.424098,
    -3.697479
  ],
  "76": [
    40.4125,
    -3.712476
  ],
  "77": [
    40.421296,
    -3.702904
  ],
  "78": [
    40.416263,
    -3.700488
  ],
  "79": [
    40.306308,
    -3.868734
  ],
  "80": [
    40.356346,
    -3.735444
  ],
  "81": [
    40.422739,
    -3.695559
  ],
  "82": [
    40.449998,
    -3.691885
  ],
  "83": [
    40.390085,
    -3.761181
  ],
  "84": [
    40.410016,
    -3.69614
  ],
  "85": [
    40.420352,
    -3.700373
  ],
  "86": [
    40.412311,
    -3.709452
  ],
  "87": [
    40.413237,
    -3.708339
  ],
  "88": [
    40.420752,
    -3.678872
  ],
  "89": [
    40.417393,
    -3.707383
  ],
  "90": [
    40.421095,
    -3.697438
  ],
  "91": [
    40.47349,
    -3.872439
  ],
  "92": [
    40.434553,
    -3.71545
  ],
  "93": null,
  "94": [
    40.511603,
    -3.679232
  ],
  "95": [
    40.433781,
    -3.698995
  ],
  "96": [
    38.545507,
    -0.134966
  ],
  "97": null,
  "98": [
    40.427169,
    -3.692436
  ],
  "99": null,
  "100": [
    40.418185,
    -3.68983
  ],
  "101": [
    40.443201,
    -3.669055
  ],
  "102": [
    40.414969,
    -3.709352
  ],
  "103": [
    40.448072,
    -3.674324
  ],
  "104": [
    40.429849,
    -3.674488
  ],
  "105": [
    40.59024,
    -4.157071
  ],
  "106": [
    40.421874,
    -3.690257
  ],
  "107": [
    40.421052,
    -3.689841
  ],
  "108": [
    40.438408,
    -3.714055
  ],
  "109": [
    40.410736,
    -3.699563
  ],
  "110": [
    40.435767,
    -3.689695
  ],
  "111": [
    40.425415,
    -3.71641
  ],
  "112": [
    40.422201,
    -3.709779
  ],
  "113": [
    40.43121,
    -3.677574
  ],
  "114": [
    40.422089,
    -3.696819
  ],
  "115": [
    40.41412,
    -3.700962
  ],
  "116": [
    40.46017,
    -3.67621
  ],
  "117": [
    40.411653,
    -3.703048
  ],
  "118": [
    40.42135,
    -3.706221
  ],
  "119": [
    40.463728,
    -3.722962
  ],
  "120": [
    40.3973,
    -3.744172
  ],
  "121": [
    40.426581,
    -3.709825
  ],
  "122": [
    40.485492,
    -3.343084
  ],
  "123": [
    40.422074,
    -3.707679
  ],
  "124": [
    40.409772,
    -3.696477
  ],
  "125": [
    40.416062,
    -3.711558
  ],
  "126": [
    40.401723,
    -3.898476
  ],
  "127": [
    40.493361,
    -3.656301
  ],
  "128": null,
  "129": [
    40.415035,
    -3.712048
  ],
  "130": [
    40.430164,
    -3.687507
  ],
  "131": [
    40.420327,
    -3.676655
  ],
  "132": [
    40.412658,
    -3.714198
  ],
  "133": [
    40.309184,
    -3.736698
  ],
  "134": null,
  "135": [
    41.005585,
    -3.671553
  ],
  "136": [
    40.438159,
    -3.715203
  ],
  "137": null,
  "138": [
    40.405003,
    -3.698736
  ],
  "139": [
    40.467664,
    -3.681225
  ],
  "140": [
    40.42148,
    -3.709266
  ],
  "141": [
    40.417617,
    -3.698064
  ],
  "142": [
    40.41515,
    -3.699626
  ],
  "143": [
    40.457007,
    -3.648398
  ],
  "144": [
    40.421729,
    -3.687959
  ],
  "145": [
    40.410635,
    -3.706014
  ],
  "146": [
    40.546651,
    -3.633345
  ],
  "147": [
    40.342693,
    -3.82528
  ],
  "148": [
    40.423809,
    -3.7091
  ],
  "149": [
    40.415904,
    -3.699076
  ],
  "150": [
    40.414799,
    -3.69953
  ],
  "151": [
    40.436304,
    -3.684484
  ],
  "152": [
    40.449827,
    -3.7014
  ],
  "153": [
    40.421171,
    -3.708202
  ],
  "154": [
    40.425393,
    -3.713871
  ],
  "155": [
    40.625076,
    -4.008856
  ],
  "156": [
    40.421874,
    -3.690257
  ],
  "157": [
    40.420451,
    -3.699424
  ],
  "158": [
    40.415819,
    -3.702554
  ],
  "159": [
    40.456856,
    -3.690753
  ],
  "160": [
    40.449326,
    -3.571238
  ],
  "161": [
    40.299365,
    -4.11165
  ],
  "162": [
    40.430989,
    -3.719296
  ],
  "163": [
    40.410144,
    -3.698943
  ],
  "164": [
    40.419453,
    -3.69907
  ],
  "165": [
    40.44812,
    -3.675671
  ]
}